{
	"format_version": "1.8.0",
	"animations": {
		"axolotl_2_swimming": {
			"loop": true,
			"animation_length": 1.0417,
			"bones": {
				"torso": {
					"rotation": {
						"0.0": {
							"vector": [0, 0, 0]
						},
						"0.3333": {
							"vector": [0, 0, 5]
						},
						"0.7083": {
							"vector": [0, 0, -5]
						},
						"1.0417": {
							"vector": [0, 0, 0]
						}
					}
				},
				"rightArm": {
					"rotation": {
						"0.0": {
							"vector": [-34.08496, -53.45259, 52.83272]
						},
						"0.25": {
							"vector": [-54.47148, -31.92926, 82.03709]
						},
						"1.0417": {
							"vector": [-34.08496, -53.45259, 52.83272]
						}
					}
				},
				"leftArm": {
					"rotation": {
						"0.0": {
							"vector": [-41.74284, 62.89159, -57.44392]
						},
						"0.25": {
							"vector": [-64.34263, 38.25754, -85.81019]
						},
						"1.0417": {
							"vector": [-41.74284, 62.89159, -57.44392]
						}
					}
				},
				"rightLeg": {
					"rotation": {
						"0.0": {
							"vector": [-14.94548, 1.29256, 4.83045]
						},
						"0.3333": {
							"vector": [-0.22332, -3.22153, -2.07099]
						},
						"0.7083": {
							"vector": [-14.51082, 3.84097, 14.51082]
						},
						"1.0417": {
							"vector": [-14.94548, 1.29256, 4.83045]
						}
					}
				},
				"leftLeg": {
					"rotation": {
						"0.0": {
							"vector": [-14.94548, -1.29256, -4.83045]
						},
						"0.3333": {
							"vector": [-14.51082, -3.84097, -14.51082]
						},
						"0.7083": {
							"vector": [-0.22332, 3.22153, 2.07099]
						},
						"1.0417": {
							"vector": [-14.94548, -1.29256, -4.83045]
						}
					}
				}
			}
		}
	},
	"azurelib_format_version": 2
}