{
	"format_version": "1.8.0",
	"animations": {
		"axolotl_3_rush_jump": {
			"animation_length": 0.75,
			"bones": {
				"body": {
					"rotation": {
						"0.0": {
							"vector": [60, 0, 0]
						},
						"0.1667": {
							"vector": [60, 0, 0]
						},
						"0.7083": {
							"vector": [0, 0, 0]
						}
					}
				},
				"head": {
					"rotation": {
						"0.0": {
							"vector": [-45, 0, 0]
						},
						"0.1667": {
							"vector": [-45, 0, 0]
						},
						"0.7083": {
							"vector": [0, 0, 0]
						}
					},
					"position": {
						"0.0": {
							"vector": [0, -0.3, 0]
						},
						"0.1667": {
							"vector": [0, -0.3, 0]
						},
						"0.7083": {
							"vector": [0, -0.3, 0]
						}
					}
				},
				"torso": {
					"rotation": {
						"0.0": {
							"vector": [5, 0, 0]
						},
						"0.1667": {
							"vector": [5, 0, 0]
						},
						"0.7083": {
							"vector": [5, 0, 0]
						}
					},
					"position": {
						"0.0": {
							"vector": [0, -0.2, 0]
						},
						"0.1667": {
							"vector": [0, -0.2, 0]
						},
						"0.7083": {
							"vector": [0, -0.2, 0]
						}
					}
				},
				"rightArm": {
					"rotation": {
						"0.0": {
							"vector": [-120.01928, -0.95645, 2.30991]
						},
						"0.1667": {
							"vector": [-120.01928, -0.95645, 2.30991]
						},
						"0.7083": {
							"vector": [-7.51928, -0.95645, 2.30991]
						}
					}
				},
				"leftArm": {
					"rotation": {
						"0.0": {
							"vector": [-122.43745, -1.50179, -4.76968]
						},
						"0.1667": {
							"vector": [-122.43745, -1.50179, -4.76968]
						},
						"0.7083": {
							"vector": [-2.43745, -1.50179, -4.76968]
						}
					}
				},
				"rightLeg": {
					"rotation": {
						"0.0": {
							"vector": [-9.51082, 3.84097, 14.51082]
						},
						"0.1667": {
							"vector": [-9.51082, 3.84097, 14.51082]
						},
						"0.5": {
							"vector": [-37.02063, 2.45093, 9.23062]
						},
						"0.7083": {
							"vector": [-4.94548, 1.29256, 4.83045]
						}
					},
					"position": {
						"0.0": {
							"vector": [0, 0, 1]
						},
						"0.1667": {
							"vector": [0, 0, 1]
						},
						"0.7083": {
							"vector": [0, 0, 1]
						}
					}
				},
				"leftLeg": {
					"rotation": {
						"0.0": {
							"vector": [-9.58681, -3.21132, -14.65993]
						},
						"0.1667": {
							"vector": [-9.58681, -3.21132, -14.65993]
						},
						"0.5": {
							"vector": [-35.69614, -2.04926, -9.32655]
						},
						"0.7083": {
							"vector": [-2.45392, -1.08089, -4.88206]
						}
					},
					"position": {
						"0.0": {
							"vector": [0, 0, 1]
						},
						"0.1667": {
							"vector": [0, 0, 1]
						},
						"0.7083": {
							"vector": [0, 0, 1]
						}
					}
				}
			}
		}
	}
}