{
	"format_version": "1.8.0",
	"animations": {
		"axolotl_2_swimming_idle": {
			"loop": true,
			"animation_length": 1.25,
			"bones": {
				"torso": {
					"rotation": {
						"vector": [15, 0, 0]
					}
				},
				"rightArm": {
					"rotation": {
						"0.0": {
							"vector": [-43.8408, -61.03387, 40.69125]
						},
						"0.375": {
							"vector": [-54.06614, -51.7142, 55.89634]
						},
						"1.25": {
							"vector": [-43.8408, -61.03387, 40.69125]
						}
					}
				},
				"leftArm": {
					"rotation": {
						"0.0": {
							"vector": [-48.13173, 71.14162, -42.70947]
						},
						"0.375": {
							"vector": [-51.65324, 65.80744, -57.21873]
						},
						"1.25": {
							"vector": [-48.13173, 71.14162, -42.70947]
						}
					}
				},
				"rightLeg": {
					"rotation": {
						"0.0": {
							"vector": [-14.94548, 1.29256, 4.83045]
						},
						"0.8333": {
							"vector": [17.55452, 1.29256, 4.83045]
						},
						"1.25": {
							"vector": [-14.94548, 1.29256, 4.83045]
						}
					},
					"position": {
						"0.0": {
							"vector": [0.08716, 0.44461, 2.18969]
						},
						"0.8333": {
							"vector": [0.08716, 0.44461, 2.18969]
						},
						"1.25": {
							"vector": [0.08716, 0.44461, 2.18969]
						}
					}
				},
				"leftLeg": {
					"rotation": {
						"0.0": {
							"vector": [-14.94548, -1.29256, -4.83045]
						},
						"0.375": {
							"vector": [14.69738, -1.29256, -4.83045]
						},
						"0.8333": {
							"vector": [-4.94548, -1.29256, -4.83045]
						},
						"1.25": {
							"vector": [-14.94548, -1.29256, -4.83045]
						}
					},
					"position": {
						"0.0": {
							"vector": [-0.08716, 0.44461, 2.18969]
						},
						"0.8333": {
							"vector": [-0.08716, 0.44461, 2.18969]
						},
						"1.25": {
							"vector": [-0.08716, 0.44461, 2.18969]
						}
					}
				}
			}
		}
	},
	"azurelib_format_version": 2
}