{
	"format_version": "1.8.0",
	"animations": {
		"axolotl_3_jump": {
			"animation_length": 1,
			"bones": {
				"head": {
					"position": {
						"0.1667": {
							"vector": [0, -0.3, 0]
						},
						"0.375": {
							"vector": [0, -0.3, 0]
						}
					}
				},
				"torso": {
					"rotation": {
						"0.1667": {
							"vector": [5, 0, 0]
						},
						"0.375": {
							"vector": [5, 0, 0]
						}
					},
					"position": {
						"0.1667": {
							"vector": [0, -0.2, 0]
						},
						"0.375": {
							"vector": [0, -0.2, 0]
						}
					}
				},
				"rightArm": {
					"rotation": {
						"0.1667": {
							"vector": [-22.51928, -0.95645, 2.30991]
						},
						"0.375": {
							"vector": [-7.51928, -0.95645, 2.30991]
						}
					}
				},
				"leftArm": {
					"rotation": {
						"0.1667": {
							"vector": [-17.43745, -1.50179, -4.76968]
						},
						"0.375": {
							"vector": [-2.43745, -1.50179, -4.76968]
						}
					}
				},
				"rightLeg": {
					"rotation": {
						"0.1667": {
							"vector": [-22.01082, 3.84097, 14.51082]
						},
						"0.375": {
							"vector": [-4.94548, 1.29256, 4.83045]
						}
					},
					"position": {
						"0.1667": {
							"vector": [0, 0, 1]
						},
						"0.375": {
							"vector": [0, 0, 1]
						}
					}
				},
				"leftLeg": {
					"rotation": {
						"0.1667": {
							"vector": [-19.58681, -3.21132, -14.65993]
						},
						"0.375": {
							"vector": [-2.45392, -1.08089, -4.88206]
						}
					},
					"position": {
						"0.1667": {
							"vector": [0, 0, 1]
						},
						"0.375": {
							"vector": [0, 0, 1]
						}
					}
				}
			}
		}
	}
}