{
	"format_version": "1.8.0",
	"animations": {
		"axolotl_3_run": {
			"loop": true,
			"animation_length": 0.5833,
			"bones": {
				"head": {
					"position": {
						"0.0": {
							"vector": [0, -0.3, 0]
						},
						"0.0833": {
							"vector": [-0.4, 0.2, 0]
						},
						"0.2917": {
							"vector": [0, -0.3, 0]
						},
						"0.3333": {
							"vector": [0.4, 0, 0]
						},
						"0.5833": {
							"vector": [0, -0.3, 0]
						}
					}
				},
				"torso": {
					"rotation": {
						"0.0": {
							"vector": [10.34878, -17.3259, -1.35401]
						},
						"0.0833": {
							"vector": [14.91609, 1.92125, -2.50141]
						},
						"0.2917": {
							"vector": [10.47634, 22.32446, 1.39731]
						},
						"0.375": {
							"vector": [15.10912, 2.49762, 2.50238]
						},
						"0.5833": {
							"vector": [10.34878, -17.3259, -1.35401]
						}
					},
					"position": {
						"0.0": {
							"vector": [0, -0.2, 0]
						},
						"0.0833": {
							"vector": [-0.5, 0.3, 0]
						},
						"0.2917": {
							"vector": [0, -0.3, 0]
						},
						"0.375": {
							"vector": [0.4, 0.15, 0]
						},
						"0.5833": {
							"vector": [0, 0, 0]
						}
					}
				},
				"rightArm": {
					"rotation": {
						"0.0": {
							"vector": [9.26137, -7.0371, 7.11081]
						},
						"0.0833": {
							"vector": [-11.83, -3.56, 6.16]
						},
						"0.2917": {
							"vector": [-39.95392, 1.08089, 4.88206]
						},
						"0.375": {
							"vector": [-15.35, -2.98, 6]
						},
						"0.5833": {
							"vector": [9.26137, -7.0371, 7.11081]
						}
					},
					"position": {
						"0.0": {
							"vector": [1, 0, 0.7]
						},
						"0.0833": {
							"vector": [1, 0, 0.23]
						},
						"0.2083": {
							"vector": [1, 0, 0.1]
						},
						"0.2917": {
							"vector": [1, 0, -0.4]
						},
						"0.375": {
							"vector": [1, 0, 0.15]
						},
						"0.5": {
							"vector": [1, 0, 0.24]
						},
						"0.5833": {
							"vector": [1, 0, 0.7]
						}
					}
				},
				"leftArm": {
					"rotation": {
						"0.0": {
							"vector": [-44.93745, -1.50179, -4.76968]
						},
						"0.0833": {
							"vector": [-23.85, 1.88, -6.02]
						},
						"0.2917": {
							"vector": [4.2688, 6.39247, -7.69495]
						},
						"0.375": {
							"vector": [-20.33, 2.45, -6.23]
						},
						"0.5833": {
							"vector": [-44.93745, -1.50179, -4.76968]
						}
					},
					"position": {
						"0.0": {
							"vector": [-1, 0, -1]
						},
						"0.0833": {
							"vector": [-1.06, 0, -0.57]
						},
						"0.2083": {
							"vector": [-1.07, 0, -0.46]
						},
						"0.2917": {
							"vector": [-1.13, 0, 0]
						},
						"0.375": {
							"vector": [-1.07, 0, -0.5]
						},
						"0.5": {
							"vector": [-1.06, 0, -0.58]
						},
						"0.5833": {
							"vector": [-1, 0, -1]
						}
					}
				},
				"rightLeg": {
					"rotation": {
						"0.0": {
							"vector": [-32.5, 0, 0]
						},
						"0.2917": {
							"vector": [37.5, 0, 0]
						},
						"0.5833": {
							"vector": [-32.5, 0, 0]
						}
					},
					"position": {
						"0.0": {
							"vector": [0, 0, 2.2]
						},
						"0.0833": {
							"vector": [0, 0, 3]
						},
						"0.2083": {
							"vector": [0, 0, 3.1]
						},
						"0.2917": {
							"vector": [0, 0, 3.5]
						},
						"0.375": {
							"vector": [0, 2, 1.88]
						},
						"0.5": {
							"vector": [0, 1.67, 1.93]
						},
						"0.5833": {
							"vector": [0, 0, 2.2]
						}
					}
				},
				"leftLeg": {
					"rotation": {
						"0.0": {
							"vector": [37.5, 0, 0]
						},
						"0.2917": {
							"vector": [-37.5, 0, 0]
						},
						"0.5833": {
							"vector": [37.5, 0, 0]
						}
					},
					"position": {
						"0.0": {
							"vector": [0, 0, 2.6]
						},
						"0.0833": {
							"vector": [0, 2, 2.6]
						},
						"0.2083": {
							"vector": [0, 1.6, 2.52]
						},
						"0.2917": {
							"vector": [0, 0, 2.2]
						},
						"0.375": {
							"vector": [0, 0, 4.2]
						},
						"0.5": {
							"vector": [0, 0, 3.93]
						},
						"0.5833": {
							"vector": [0, 0, 2.6]
						}
					}
				},
				"body": {
					"rotation": {
						"0.0": {
							"vector": [10, 0, 0]
						},
						"0.5833": {
							"vector": [10, 0, 0]
						}
					}
				}
			}
		}
	},
	"azurelib_format_version": 2
}