{
	"format_version": "1.8.0",
	"animations": {
		"axolotl_2_crawling_attack_once": {
			"animation_length": 0.5417,
			"bones": {
				"head": {
					"rotation": {
						"vector": [-65, 0, 0]
					},
					"position": {
						"vector": [0, 0, 2]
					}
				},
				"torso": {
					"rotation": {
						"vector": [-2.03186, -2.27497, -1.47225]
					},
					"position": {
						"vector": [0, 0, -0.5]
					}
				},
				"rightArm": {
					"rotation": {
						"0.0": {
							"vector": [196.83273, 10.41101, -18.1722]
						},
						"0.0417": {
							"vector": [162.99357, 13.66112, -49.74537]
						},
						"0.125": {
							"vector": [186.92986, -3.39295, 22.2022]
						},
						"0.2083": {
							"vector": [196.83273, 10.41101, -18.1722]
						},
						"0.5417": {
							"vector": [196.83273, 10.41101, -18.1722]
						}
					},
					"position": {
						"0.0": {
							"vector": [0.90094, -0.28975, -1.60935]
						},
						"0.0417": {
							"vector": [0.9, 0.71, -0.28]
						},
						"0.125": {
							"vector": [0.9, 2.71, -0.61]
						},
						"0.2083": {
							"vector": [0.90094, -0.28975, -1.60935]
						},
						"0.5417": {
							"vector": [0.90094, -0.28975, -1.60935]
						}
					}
				},
				"leftArm": {
					"rotation": {
						"vector": [-168.29679, -16.7923, 21.01447]
					},
					"position": {
						"vector": [-1.05896, 0.55046, -0.47901]
					}
				},
				"rightLeg": {
					"rotation": {
						"vector": [-7.99572, 0.06526, 7.49972]
					},
					"position": {
						"vector": [0, 0.99124, -0.69131]
					}
				},
				"leftLeg": {
					"rotation": {
						"vector": [-7.5, 0, -7.5]
					},
					"position": {
						"vector": [0, 0.9, -1.1]
					}
				},
				"body": {
					"rotation": {
						"0.0": {
							"vector": [90, 0, 0]
						},
						"0.0417": {
							"vector": [82.5, 7.5, 0]
						},
						"0.125": {
							"vector": [95, -2.5, 0]
						},
						"0.25": {
							"vector": [90, 0, 0]
						},
						"0.5417": {
							"vector": [90, 0, 0]
						}
					},
					"position": {
						"vector": [0, -5, 12]
					}
				}
			}
		}
	}
}