{
	"format_version": "1.8.0",
	"animations": {
		"axolotl_2_crawling_jump": {
			"animation_length": 1,
			"bones": {
				"head": {
					"rotation": {
						"0.0": {
							"vector": [-72.5, 0, 0]
						},
						"0.2917": {
							"vector": [-72.5, 0, 0]
						},
						"1.0": {
							"vector": [-72.5, 0, 0]
						}
					},
					"position": {
						"0.0": {
							"vector": [0, 0, 1]
						},
						"0.2917": {
							"vector": [0, 0, 1]
						},
						"1.0": {
							"vector": [0, 0, 1]
						}
					}
				},
				"torso": {
					"rotation": {
						"0.0": {
							"vector": [-2.03186, -2.27497, -1.47225]
						},
						"0.0833": {
							"vector": [-12.03186, -2.27497, -1.47225]
						},
						"0.2917": {
							"vector": [-2.03186, -2.27497, -1.47225]
						},
						"1.0": {
							"vector": [-2.03186, -2.27497, -1.47225]
						}
					},
					"position": {
						"0.0": {
							"vector": [0, 0, -0.5]
						},
						"0.0833": {
							"vector": [0, 0, 1.5]
						},
						"0.2917": {
							"vector": [0, 0, -0.5]
						},
						"1.0": {
							"vector": [0, 0, -0.5]
						}
					}
				},
				"rightArm": {
					"rotation": {
						"0.0": {
							"vector": [196.83273, 10.41101, -18.1722]
						},
						"0.0833": {
							"vector": [236.83273, 10.41101, -18.1722]
						},
						"0.2917": {
							"vector": [196.83273, 10.41101, -18.1722]
						},
						"1.0": {
							"vector": [196.83273, 10.41101, -18.1722]
						}
					},
					"position": {
						"0.0": {
							"vector": [0.90094, -0.28975, -1.60935]
						},
						"0.2917": {
							"vector": [0.90094, -0.28975, -1.60935]
						},
						"1.0": {
							"vector": [0.90094, -0.28975, -1.60935]
						}
					}
				},
				"leftArm": {
					"rotation": {
						"0.0": {
							"vector": [-168.29679, -16.7923, 21.01447]
						},
						"0.0833": {
							"vector": [-130.79679, -16.7923, 21.01447]
						},
						"0.2917": {
							"vector": [-168.29679, -16.7923, 21.01447]
						},
						"1.0": {
							"vector": [-168.29679, -16.7923, 21.01447]
						}
					},
					"position": {
						"0.0": {
							"vector": [-1.05896, 0.55046, -0.47901]
						},
						"0.2917": {
							"vector": [-1.05896, 0.55046, -0.47901]
						},
						"1.0": {
							"vector": [-1.05896, 0.55046, -0.47901]
						}
					}
				},
				"rightLeg": {
					"rotation": {
						"0.0": {
							"vector": [-7.99572, 0.06526, 7.49972]
						},
						"0.0833": {
							"vector": [-37.99572, 0.06526, 7.49972]
						},
						"0.2917": {
							"vector": [-7.99572, 0.06526, 7.49972]
						},
						"1.0": {
							"vector": [-7.99572, 0.06526, 7.49972]
						}
					},
					"position": {
						"0.0": {
							"vector": [0, 0.99124, -0.69131]
						},
						"0.2917": {
							"vector": [0, 0.99124, -0.69131]
						},
						"1.0": {
							"vector": [0, 0.99124, -0.69131]
						}
					}
				},
				"leftLeg": {
					"rotation": {
						"0.0": {
							"vector": [-7.5, 0, -7.5]
						},
						"0.0833": {
							"vector": [-50, 0, -7.5]
						},
						"0.2917": {
							"vector": [-7.5, 0, -7.5]
						},
						"1.0": {
							"vector": [-7.5, 0, -7.5]
						}
					},
					"position": {
						"0.0": {
							"vector": [0, 0.9, -1.1]
						},
						"0.2917": {
							"vector": [0, 0.9, -1.1]
						},
						"1.0": {
							"vector": [0, 0.9, -1.1]
						}
					}
				},
				"body": {
					"rotation": {
						"0.0": {
							"vector": [90, 0, 0]
						},
						"0.0833": {
							"vector": [82.5, 0, 0]
						},
						"0.2917": {
							"vector": [90, 0, 0]
						},
						"1.0": {
							"vector": [90, 0, 0]
						}
					},
					"position": {
						"0.0": {
							"vector": [0, -5, 12]
						},
						"0.2917": {
							"vector": [0, -5, 12]
						},
						"1.0": {
							"vector": [0, -5, 12]
						}
					}
				}
			}
		}
	},
	"azurelib_format_version": 2
}