{
	"format_version": "1.8.0",
	"animations": {
		"bat_2_digging": {
			"loop": true,
			"animation_length": 0.2083,
			"bones": {
				"rightArm": {
					"rotation": {
						"0.0": {
							"vector": [0, 0, 0]
						},
						"0.0417": {
							"vector": [-124.87884, -17.48281, -0.78795]
						},
						"0.125": {
							"vector": [19.37337, 8.4568, 8.45323]
						},
						"0.1667": {
							"vector": [0, 0, 0]
						}
					}
				},
				"leftArm": {
					"rotation": {
						"0.0": {
							"vector": [0, 0, 0]
						},
						"0.0417": {
							"vector": [-110, 27.5, 0]
						},
						"0.125": {
							"vector": [20.53965, -14.65287, -16.24199]
						},
						"0.1667": {
							"vector": [0, 0, 0]
						}
					}
				}
			}
		}
	}
}