{
	"format_version": "1.8.0",
	"animations": {
		"bat_2_attack": {
			"animation_length": 0.5417,
			"bones": {
				"rightArm": {
					"rotation": {
						"0.0": {
							"vector": [0, 0, 0]
						},
						"0.0833": {
							"vector": [-124.87884, -17.48281, -0.78795]
						},
						"0.25": {
							"vector": [19.37337, 8.4568, 8.45323]
						},
						"0.3333": {
							"vector": [0, 0, 0]
						},
						"0.5417": {
							"vector": [0, 0, 0]
						}
					}
				},
				"leftArm": {
					"rotation": {
						"0.0": {
							"vector": [0, 0, 0]
						},
						"0.0833": {
							"vector": [-110, 27.5, 0]
						},
						"0.25": {
							"vector": [20.53965, -14.65287, -16.24199]
						},
						"0.3333": {
							"vector": [0, 0, 0]
						},
						"0.5417": {
							"vector": [0, 0, 0]
						}
					}
				}
			}
		}
	},
	"azurelib_format_version": 2
}