{
	"format_version": "1.8.0",
	"animations": {
		"bat_2_jump": {
			"animation_length": 0.2917,
			"bones": {
				"torso": {
					"rotation": {
						"0.0": {
							"vector": [0, 0, 0]
						},
						"0.1667": {
							"vector": [5, 0, 0]
						}
					}
				},
				"rightArm": {
					"rotation": {
						"0.0": {
							"vector": [0, 0, 0]
						},
						"0.0417": {
							"vector": [0, -35, 72.5]
						},
						"0.1667": {
							"vector": [-32.45617, 38.66902, -30.90691]
						},
						"0.2917": {
							"vector": [-32.45617, 38.66902, -30.90691]
						}
					}
				},
				"leftArm": {
					"rotation": {
						"0.0": {
							"vector": [0, 0, 0]
						},
						"0.0417": {
							"vector": [0, 35, -72.5]
						},
						"0.1667": {
							"vector": [-32.45617, -38.66902, 30.90691]
						},
						"0.2917": {
							"vector": [-32.45617, -38.66902, 30.90691]
						}
					}
				}
			}
		}
	}
}