{
	"format_version": "1.8.0",
	"animations": {
		"form_feral_common_run": {
			"loop": true,
			"animation_length": 1,
			"bones": {
				"body": {
					"position": {
						"0.0": {
							"vector": [0, -13, -6]
						},
						"1.0": {
							"vector": [0, -13, -6]
						}
					}
				},
				"head": {
					"position": {
						"0.0": {
							"vector": [0, 3, 0]
						},
						"0.1667": {
							"vector": [0, 1.83, 0]
						},
						"0.4167": {
							"vector": [0, 0.86, 0]
						},
						"1.0": {
							"vector": [0, 3, 0]
						}
					}
				},
				"torso": {
					"rotation": {
						"0.0": {
							"vector": [90, 0, 0]
						},
						"0.4167": {
							"vector": [100, 0, 0]
						},
						"0.7917": {
							"vector": [84.29, 0, 0]
						},
						"1.0": {
							"vector": [90, 0, 0]
						}
					},
					"position": {
						"0.0": {
							"vector": [0, 2, 0]
						},
						"0.1667": {
							"vector": [0, 0.83, 0]
						},
						"0.4167": {
							"vector": [0, -0.14, 0]
						},
						"1.0": {
							"vector": [0, 2, 0]
						}
					}
				},
				"rightArm": {
					"rotation": {
						"0.0": {
							"vector": [-55, 0, 0]
						},
						"0.1667": {
							"vector": [-17.5, 0, 0]
						},
						"0.3333": {
							"vector": [32.5, 0, 0]
						},
						"0.5833": {
							"vector": [50, 0, 0]
						},
						"0.7917": {
							"vector": [-15, 0, 0]
						},
						"1.0": {
							"vector": [-55, 0, 0]
						}
					},
					"position": {
						"0.0": {
							"vector": [1.2, 2.90631, 0.42262]
						},
						"0.1667": {
							"vector": [1.2, 1.91, 0.42]
						},
						"0.5833": {
							"vector": [1.2, -0.09, 2.42]
						},
						"0.7917": {
							"vector": [1.2, 1.91, 0.42]
						},
						"1.0": {
							"vector": [1.2, 2.90631, 0.42262]
						}
					}
				},
				"leftArm": {
					"rotation": {
						"0.0": {
							"vector": [-70, 0, 0]
						},
						"0.1667": {
							"vector": [-55, 0, 0]
						},
						"0.3333": {
							"vector": [-22.5, 0, 0]
						},
						"0.5833": {
							"vector": [20, 0, 0]
						},
						"0.7917": {
							"vector": [5, 0, 0]
						},
						"1.0": {
							"vector": [-70, 0, 0]
						}
					},
					"position": {
						"0.0": {
							"vector": [-1.2, 2.09369, 1.42262]
						},
						"0.1667": {
							"vector": [-1.2, 1.09, 1.42]
						},
						"0.5833": {
							"vector": [-1.2, 1.09, 3.42]
						},
						"0.7917": {
							"vector": [-1.2, 1.09, 1.42]
						},
						"1.0": {
							"vector": [-1.2, 2.09369, 1.42262]
						}
					}
				},
				"rightLeg": {
					"rotation": {
						"0.0": {
							"vector": [72.5, 0, 0]
						},
						"0.1667": {
							"vector": [20, 0, 0]
						},
						"0.3333": {
							"vector": [-5, 0, 0]
						},
						"0.5": {
							"vector": [-22.5, 0, 0]
						},
						"0.7083": {
							"vector": [-10, 0, 0]
						},
						"1.0": {
							"vector": [72.5, 0, 0]
						}
					},
					"position": {
						"0.0": {
							"vector": [-1, 14, 17]
						},
						"0.3333": {
							"vector": [-1, 12, 15]
						},
						"0.5833": {
							"vector": [-1, 12.75, 14.75]
						},
						"0.7917": {
							"vector": [-1, 12.38, 15.88]
						},
						"1.0": {
							"vector": [-1, 14, 17]
						}
					}
				},
				"leftLeg": {
					"rotation": {
						"0.0": {
							"vector": [60, 0, 0]
						},
						"0.1667": {
							"vector": [42.5, 0, 0]
						},
						"0.3333": {
							"vector": [25, 0, 0]
						},
						"0.5": {
							"vector": [-12.5, 0, 0]
						},
						"0.7083": {
							"vector": [-27.5, 0, 0]
						},
						"1.0": {
							"vector": [60, 0, 0]
						}
					},
					"position": {
						"0.0": {
							"vector": [1, 14, 17]
						},
						"0.3333": {
							"vector": [1, 13, 15.4]
						},
						"0.5833": {
							"vector": [1, 11.75, 14.75]
						},
						"0.7917": {
							"vector": [1, 11.88, 15.88]
						},
						"1.0": {
							"vector": [1, 14, 17]
						}
					}
				}
			}
		}
	},
	"azurelib_format_version": 2
}