{
	"format_version": "1.8.0",
	"animations": {
		"form_feral_common_fall": {
			"loop": true,
			"animation_length": 0.3333,
			"bones": {
				"body": {
					"position": {
						"0.0": {
							"vector": [0, -13, -6]
						},
						"0.3333": {
							"vector": [0, -13, -6]
						}
					}
				},
				"head": {
					"position": {
						"0.0": {
							"vector": [0, 2, 0]
						},
						"0.3333": {
							"vector": [0, 2, 0]
						}
					}
				},
				"torso": {
					"rotation": {
						"0.0": {
							"vector": [82.5, 0, 0]
						},
						"0.3333": {
							"vector": [82.5, 0, 0]
						}
					},
					"position": {
						"0.0": {
							"vector": [0, 1, 0]
						},
						"0.3333": {
							"vector": [0, 1, 0]
						}
					}
				},
				"rightArm": {
					"rotation": {
						"0.0": {
							"vector": [-24.76251, 4.55749, 5.96275]
						},
						"0.3333": {
							"vector": [-24.76251, 4.55749, 5.96275]
						}
					},
					"position": {
						"0.0": {
							"vector": [1.2, 2, 1]
						},
						"0.3333": {
							"vector": [1.2, 2, 1]
						}
					}
				},
				"leftArm": {
					"rotation": {
						"0.0": {
							"vector": [-19.04514, -9.06524, -12.0012]
						},
						"0.3333": {
							"vector": [-19.04514, -9.06524, -12.0012]
						}
					},
					"position": {
						"0.0": {
							"vector": [-1.2, 2, 1]
						},
						"0.3333": {
							"vector": [-1.2, 2, 1]
						}
					}
				},
				"rightLeg": {
					"rotation": {
						"0.0": {
							"vector": [-17.62261, -1.93597, 7.24721]
						},
						"0.3333": {
							"vector": [-17.62261, -1.93597, 7.24721]
						}
					},
					"position": {
						"0.0": {
							"vector": [-1, 12, 15]
						},
						"0.3333": {
							"vector": [-1, 12, 15]
						}
					}
				},
				"leftLeg": {
					"rotation": {
						"0.0": {
							"vector": [-15.01152, 0.54094, -2.44081]
						},
						"0.3333": {
							"vector": [-15.01152, 0.54094, -2.44081]
						}
					},
					"position": {
						"0.0": {
							"vector": [1, 12, 15]
						},
						"0.3333": {
							"vector": [1, 12, 15]
						}
					}
				}
			}
		}
	},
	"azurelib_format_version": 2
}