{
	"format_version": "1.8.0",
	"animations": {
		"ocelot_2_sneak_rush_2": {
			"loop": true,
			"animation_length": 1,
			"bones": {
				"head": {
					"position": {
						"0.0": {
							"vector": [0, -11, 0]
						},
						"0.1667": {
							"vector": [0, -12.17, 0]
						},
						"0.4167": {
							"vector": [0, -13.14, 0]
						},
						"1.0": {
							"vector": [0, -11, 0]
						}
					}
				},
				"torso": {
					"rotation": {
						"0.0": {
							"vector": [70, 0, 0]
						},
						"0.4167": {
							"vector": [80, 0, 0]
						},
						"0.7917": {
							"vector": [71.79, 0, 0]
						},
						"1.0": {
							"vector": [70, 0, 0]
						}
					},
					"position": {
						"0.0": {
							"vector": [0, -11, 0]
						},
						"0.1667": {
							"vector": [0, -12.17, 0]
						},
						"0.4167": {
							"vector": [0, -13.14, 0]
						},
						"1.0": {
							"vector": [0, -11, 0]
						}
					}
				},
				"rightArm": {
					"rotation": {
						"0.0": {
							"vector": [-55, 0, 0]
						},
						"0.1667": {
							"vector": [-17.5, 0, 0]
						},
						"0.3333": {
							"vector": [32.5, 0, 0]
						},
						"0.5833": {
							"vector": [50, 0, 0]
						},
						"0.7917": {
							"vector": [-15, 0, 0]
						},
						"1.0": {
							"vector": [-55, 0, 0]
						}
					},
					"position": {
						"0.0": {
							"vector": [3.2, -11.09369, -1.57738]
						},
						"0.1667": {
							"vector": [3.2, -12.09, -1.58]
						},
						"0.5833": {
							"vector": [3.2, -14.09, 0.42]
						},
						"0.7917": {
							"vector": [3.2, -12.09, 0.42]
						},
						"1.0": {
							"vector": [3.2, -11.09369, -1.57738]
						}
					}
				},
				"leftArm": {
					"rotation": {
						"0.0": {
							"vector": [-70, 0, 0]
						},
						"0.1667": {
							"vector": [-55, 0, 0]
						},
						"0.3333": {
							"vector": [-22.5, 0, 0]
						},
						"0.5833": {
							"vector": [20, 0, 0]
						},
						"0.7917": {
							"vector": [5, 0, 0]
						},
						"1.0": {
							"vector": [-70, 0, 0]
						}
					},
					"position": {
						"0.0": {
							"vector": [-3.2, -11.90631, -0.57738]
						},
						"0.1667": {
							"vector": [-3.2, -12.91, -0.58]
						},
						"0.5833": {
							"vector": [-3.2, -12.91, 1.42]
						},
						"0.7917": {
							"vector": [-3.2, -12.91, 1.42]
						},
						"1.0": {
							"vector": [-3.2, -11.90631, -0.57738]
						}
					}
				},
				"rightLeg": {
					"rotation": {
						"0.0": {
							"vector": [72.5, 0, 0]
						},
						"0.1667": {
							"vector": [20, 0, 0]
						},
						"0.3333": {
							"vector": [-5, 0, 0]
						},
						"0.5": {
							"vector": [-22.5, 0, 0]
						},
						"0.7083": {
							"vector": [-10, 0, 0]
						},
						"1.0": {
							"vector": [72.5, 0, 0]
						}
					},
					"position": {
						"0.0": {
							"vector": [-1, -2, 9]
						},
						"0.3333": {
							"vector": [-1, -2, 11]
						},
						"0.5833": {
							"vector": [-1, -1.25, 11.75]
						},
						"0.7917": {
							"vector": [-1, -1.62, 11.88]
						},
						"1.0": {
							"vector": [-1, -2, 9]
						}
					}
				},
				"leftLeg": {
					"rotation": {
						"0.0": {
							"vector": [60, 0, 0]
						},
						"0.1667": {
							"vector": [42.5, 0, 0]
						},
						"0.3333": {
							"vector": [25, 0, 0]
						},
						"0.5": {
							"vector": [-12.5, 0, 0]
						},
						"0.7083": {
							"vector": [-27.5, 0, 0]
						},
						"1.0": {
							"vector": [60, 0, 0]
						}
					},
					"position": {
						"0.0": {
							"vector": [1, -2, 9]
						},
						"0.3333": {
							"vector": [1, -1, 10.4]
						},
						"0.5833": {
							"vector": [1, -2.25, 11.75]
						},
						"0.7917": {
							"vector": [1, -2.12, 11.88]
						},
						"1.0": {
							"vector": [1, -2, 9]
						}
					}
				}
			}
		}
	},
	"azurelib_format_version": 2
}