{
	"format_version": "1.8.0",
	"animations": {
		"player_on_transform_normal_to_feral": {
			"animation_length": 8.2083,
			"bones": {
				"head": {
					"rotation": {
						"0.0": {
							"vector": [0, 0, 0]
						},
						"1.0": {
							"vector": [12.5, 0, 0]
						},
						"1.5": {
							"vector": [57.5, 0, 0]
						},
						"3.25": {
							"vector": [112.5, 0, 0]
						},
						"4.7083": {
							"vector": [112.5, 0, 0]
						},
						"4.875": {
							"vector": [112.5, 0, 0]
						},
						"6.5833": {
							"vector": [48.52671, -22.87552, -23.73954]
						},
						"7.7083": {
							"vector": [0, 0, 0]
						}
					},
					"position": {
						"0.0": {
							"vector": [0, 0, 0]
						},
						"1.0": {
							"vector": [0, -1, 0]
						},
						"1.5": {
							"vector": [0, -8, 0]
						},
						"3.25": {
							"vector": [0, -9, -4]
						},
						"4.875": {
							"vector": [0, -9, -4]
						},
						"6.625": {
							"vector": [0, 2, 0]
						},
						"7.7083": {
							"vector": [0, 2, 0]
						}
					}
				},
				"torso": {
					"rotation": {
						"0.0": {
							"vector": [0, 0, 0]
						},
						"1.0": {
							"vector": [5, 0, 0]
						},
						"1.5": {
							"vector": [10, 0, 0]
						},
						"3.25": {
							"vector": [25, 0, 0]
						},
						"4.875": {
							"vector": [25, 0, 0]
						},
						"5.75": {
							"vector": [102.5, 0, 0]
						},
						"6.625": {
							"vector": [90, 0, 0]
						},
						"7.7083": {
							"vector": [90, 0, 0]
						}
					},
					"position": {
						"0.0": {
							"vector": [0, 0, 0]
						},
						"1.0": {
							"vector": [0, -1, 0]
						},
						"1.5": {
							"vector": [0, -8, 0]
						},
						"3.25": {
							"vector": [0, -9, -4]
						},
						"4.875": {
							"vector": [0, -9, -4]
						},
						"6.625": {
							"vector": [0, 0, 0]
						},
						"7.7083": {
							"vector": [0, 0, 0]
						}
					}
				},
				"rightArm": {
					"rotation": {
						"0.0": {
							"vector": [0, 0, 0]
						},
						"0.5": {
							"vector": [-155.02089, -1.05627, 2.26603],
							"easing": "easeInOutSine"
						},
						"1.0": {
							"vector": [-155.02089, -1.05627, 2.26603]
						},
						"1.5": {
							"vector": [-135.28025, -3.40487, 9.40804],
							"easing": "easeInOutQuad"
						},
						"1.625": {
							"vector": [-132.61261, 3.51751, 13.22416],
							"easing": "easeInOutQuad"
						},
						"1.7083": {
							"vector": [-132.74412, 5.35557, 11.52443],
							"easing": "easeInOutQuad"
						},
						"1.7917": {
							"vector": [-128.00781, 2.28457, 7.56941],
							"easing": "easeInOutQuad"
						},
						"1.875": {
							"vector": [-132.61261, 3.51751, 13.22416],
							"easing": "easeInOutQuad"
						},
						"1.9583": {
							"vector": [-132.74412, 5.35557, 11.52443],
							"easing": "easeInOutQuad"
						},
						"2.0417": {
							"vector": [-128.00781, 2.28457, 7.56941],
							"easing": "easeInOutQuad"
						},
						"2.1667": {
							"vector": [-132.61261, 3.51751, 13.22416],
							"easing": "easeInOutQuad"
						},
						"2.25": {
							"vector": [-132.74412, 5.35557, 11.52443],
							"easing": "easeInOutQuad"
						},
						"2.3333": {
							"vector": [-128.00781, 2.28457, 7.56941],
							"easing": "easeInOutQuad"
						},
						"3.25": {
							"vector": [-5.44298, -3.16796, -0.81672]
						},
						"4.875": {
							"vector": [-5.44298, -3.16796, -0.81672]
						},
						"6.625": {
							"vector": [0, 0, 0]
						},
						"7.7083": {
							"vector": [0, 0, 0]
						}
					},
					"position": {
						"0.0": {
							"vector": [0, 0, 0]
						},
						"0.5": {
							"vector": [0, 0, 0]
						},
						"1.0": {
							"vector": [0, 0, 0]
						},
						"1.5": {
							"vector": [0, -9, 0]
						},
						"3.25": {
							"vector": [0, -11, -3]
						},
						"4.875": {
							"vector": [0, -11, -3]
						},
						"6.625": {
							"vector": [1.2, 2, 1]
						},
						"7.7083": {
							"vector": [1.2, 2, 1]
						}
					}
				},
				"leftArm": {
					"rotation": {
						"0.0": {
							"vector": [0, 0, 0]
						},
						"1.0": {
							"vector": [-10, 0, 0]
						},
						"1.5": {
							"vector": [-130.98084, 11.43563, -9.77243]
						},
						"1.5833": {
							"vector": [-132.93246, 7.64427, -6.46635],
							"easing": "easeInSine"
						},
						"1.7083": {
							"vector": [-131.00374, 11.28916, -9.93694],
							"easing": "easeInQuad"
						},
						"1.7917": {
							"vector": [-130.903, 5.8757, -8.53193],
							"easing": "easeInQuad"
						},
						"1.875": {
							"vector": [-132.93246, 7.64427, -6.46635],
							"easing": "easeInQuad"
						},
						"2.0": {
							"vector": [-131.00374, 11.28916, -9.93694],
							"easing": "easeInQuad"
						},
						"2.0833": {
							"vector": [-130.903, 5.8757, -8.53193],
							"easing": "easeInQuad"
						},
						"2.1667": {
							"vector": [-132.93246, 7.64427, -6.46635],
							"easing": "easeInQuad"
						},
						"2.2917": {
							"vector": [-131.00374, 11.28916, -9.93694],
							"easing": "easeInQuad"
						},
						"2.375": {
							"vector": [-130.903, 5.8757, -8.53193],
							"easing": "easeInQuad"
						},
						"3.25": {
							"vector": [-11.80555, 9.14532, 3.63941]
						},
						"4.875": {
							"vector": [-11.80555, 9.14532, 3.63941]
						},
						"6.625": {
							"vector": [0, 0, 0]
						},
						"7.7083": {
							"vector": [0, 0, 0]
						}
					},
					"position": {
						"0.0": {
							"vector": [0, 0, 0]
						},
						"1.0": {
							"vector": [0, 0, 0]
						},
						"1.5": {
							"vector": [0, -10, -1]
						},
						"3.25": {
							"vector": [0, -11, -5]
						},
						"4.875": {
							"vector": [0, -11, -5]
						},
						"6.625": {
							"vector": [-1.2, 2, 1]
						},
						"7.7083": {
							"vector": [-1.2, 2, 1]
						}
					}
				},
				"rightLeg": {
					"rotation": {
						"0.0": {
							"vector": [0, 0, 0]
						},
						"0.625": {
							"vector": [-2.4905, 0.21782, 4.99527]
						},
						"1.0": {
							"vector": [-2.4905, 0.21782, 4.99527]
						},
						"1.5": {
							"vector": [-2.5, -2.5, 0]
						},
						"3.25": {
							"vector": [90, -2.5, 0]
						},
						"4.875": {
							"vector": [90, -2.5, 0]
						},
						"6.625": {
							"vector": [0, 0, 0]
						},
						"7.7083": {
							"vector": [0, 0, 0]
						}
					},
					"position": {
						"0.0": {
							"vector": [0, 0, 0]
						},
						"0.625": {
							"vector": [0, 0, 0]
						},
						"1.0": {
							"vector": [0, 0, 0]
						},
						"1.5": {
							"vector": [0, -4, -2]
						},
						"3.25": {
							"vector": [0, -10, -2]
						},
						"4.875": {
							"vector": [0, -10, -2]
						},
						"5.6667": {
							"vector": [-0.68, 5.61, 6.54]
						},
						"6.625": {
							"vector": [-1, 13, 15]
						},
						"7.7083": {
							"vector": [-1, 13, 15]
						}
					},
					"scale": {
						"0.0": {
							"vector": [1, 1, 1]
						},
						"0.625": {
							"vector": [1, 1, 1]
						},
						"1.0": {
							"vector": [1, 1, 1]
						},
						"1.5": {
							"vector": [1, 0.7, 1]
						},
						"3.25": {
							"vector": [1, 1, 1]
						},
						"4.875": {
							"vector": [1, 1, 1]
						}
					}
				},
				"leftLeg": {
					"rotation": {
						"0.0": {
							"vector": [0, 0, 0]
						},
						"0.7083": {
							"vector": [7.5, 0, 0]
						},
						"1.0": {
							"vector": [7.5, 0, 0]
						},
						"1.5": {
							"vector": [85, 7.5, 0]
						},
						"3.25": {
							"vector": [85, 7.5, 0]
						},
						"4.875": {
							"vector": [85, 7.5, 0]
						},
						"5.3333": {
							"vector": [11.60714, 4.55357, 0]
						},
						"6.625": {
							"vector": [0, 0, 0]
						},
						"7.7083": {
							"vector": [0, 0, 0]
						}
					},
					"position": {
						"0.0": {
							"vector": [0, 0, 0]
						},
						"0.7083": {
							"vector": [0, 0, 0]
						},
						"1.0": {
							"vector": [0, 0, 0]
						},
						"1.5": {
							"vector": [0, -9, 0]
						},