{
	"format_version": "1.8.0",
	"animations": {
		"player_on_transform_feral_to_normal": {
			"animation_length": 7.75,
			"bones": {
				"head": {
					"rotation": {
						"0.0": {
							"vector": [0, 0, 0]
						},
						"0.5": {
							"vector": [0, 0, 0]
						},
						"1.0417": {
							"vector": [0, 0, 0]
						},
						"4.7083": {
							"vector": [112.5, 0, 0]
						},
						"5.2083": {
							"vector": [70, 0, 0]
						},
						"5.7917": {
							"vector": [38.33, 0, 0]
						},
						"7.75": {
							"vector": [0, 0, 0]
						}
					},
					"position": {
						"0.0": {
							"vector": [0, 2, 0]
						},
						"1.0417": {
							"vector": [0, 2, 0]
						},
						"1.75": {
							"vector": [0, -3.99, -0.72]
						},
						"3.25": {
							"vector": [0, -9, -4]
						},
						"4.9583": {
							"vector": [0, -9, -4]
						},
						"5.2083": {
							"vector": [0, -9, -4]
						},
						"7.75": {
							"vector": [0, 0, 0]
						}
					}
				},
				"torso": {
					"rotation": {
						"0.0": {
							"vector": [90, 0, 0]
						},
						"1.0417": {
							"vector": [90, 0, 0]
						},
						"1.75": {
							"vector": [108.24, 0, 0]
						},
						"3.25": {
							"vector": [25, 0, 0]
						},
						"4.9583": {
							"vector": [25, 0, 0]
						},
						"5.2083": {
							"vector": [25, 0, 0]
						},
						"5.7917": {
							"vector": [25, 0, 0]
						},
						"7.75": {
							"vector": [0, 0, 0]
						}
					},
					"position": {
						"0.0": {
							"vector": [0, 0, 0]
						},
						"1.0417": {
							"vector": [0, 0, 0]
						},
						"1.75": {
							"vector": [0, -5.63, -0.72]
						},
						"3.25": {
							"vector": [0, -9, -4]
						},
						"4.9583": {
							"vector": [0, -9, -4]
						},
						"5.2083": {
							"vector": [0, -9, -4]
						},
						"5.7917": {
							"vector": [0, -8, -4]
						},
						"7.75": {
							"vector": [0, 0, 0]
						}
					}
				},
				"rightArm": {
					"rotation": {
						"0.0": {
							"vector": [0, 0, 0]
						},
						"0.7083": {
							"vector": [-143.91792, -0.82527, -0.21276]
						},
						"1.75": {
							"vector": [-45.82154, 9.74094, 10.10505]
						},
						"3.25": {
							"vector": [-5.44298, -3.16796, -0.81672]
						},
						"4.9583": {
							"vector": [-5.44298, -3.16796, -0.81672]
						},
						"5.2083": {
							"vector": [-5.44298, -3.16796, -0.81672]
						},
						"7.75": {
							"vector": [0, 0, 0]
						}
					},
					"position": {
						"0.0": {
							"vector": [1.2, 2, 1]
						},
						"1.0417": {
							"vector": [1.2, 2, 1]
						},
						"1.75": {
							"vector": [0.98, -2.35, 0.28]
						},
						"3.25": {
							"vector": [0, -11, -3]
						},
						"4.9583": {
							"vector": [0, -11, -3]
						},
						"5.2083": {
							"vector": [0, -11, -3]
						},
						"7.75": {
							"vector": [0, 0, 0]
						}
					}
				},
				"leftArm": {
					"rotation": {
						"0.0": {
							"vector": [0, 0, 0]
						},
						"1.0417": {
							"vector": [0, 0, 0]
						},
						"1.75": {
							"vector": [-57.13505, 1.65394, 0.65819]
						},
						"3.25": {
							"vector": [-11.80555, 9.14532, 3.63941]
						},
						"4.9583": {
							"vector": [-11.80555, 9.14532, 3.63941]
						},
						"5.7917": {
							"vector": [-148.74485, 6.77431, 2.69586]
						},
						"6.0833": {
							"vector": [-144.30967, 3.72587, 1.48272]
						},
						"7.75": {
							"vector": [0, 0, 0]
						}
					},
					"position": {
						"0.0": {
							"vector": [-1.2, 2, 1]
						},
						"1.0417": {
							"vector": [-1.2, 2, 1]
						},
						"1.75": {
							"vector": [-0.98, -3.35, -0.09]
						},
						"3.25": {
							"vector": [0, -11, -5]
						},
						"4.9583": {
							"vector": [0, -11, -5]
						},
						"5.2083": {
							"vector": [0, -11, -5]
						},
						"5.7917": {
							"vector": [0, -9.15, -3.7]
						},
						"7.75": {
							"vector": [0, 0, 0]
						}
					}
				},
				"rightLeg": {
					"rotation": {
						"0.0": {
							"vector": [0, 0, 0]
						},
						"1.0417": {
							"vector": [0, 0, 0]
						},
						"1.7917": {
							"vector": [2.23404, -0.47872, 0]
						},
						"3.25": {
							"vector": [90, -2.5, 0]
						},
						"4.9583": {
							"vector": [90, -2.5, 0]
						},
						"5.2083": {
							"vector": [90, -2.5, 0]
						},
						"7.75": {
							"vector": [0, 0, 0]
						}
					},
					"position": {
						"0.0": {
							"vector": [-1, 13, 15]
						},
						"1.0417": {
							"vector": [-1, 13, 15]
						},
						"1.7917": {
							"vector": [-0.81, 10.6, 11.74]
						},
						"3.25": {
							"vector": [0, -10, -2]
						},
						"4.9583": {
							"vector": [0, -10, -2]
						},
						"5.2083": {
							"vector": [0, -10, -2]
						},
						"7.75": {
							"vector": [0, 0, 0]
						}
					},
					"scale": {
						"0.0": {
							"vector": [1, 1, 1]
						},
						"1.0417": {
							"vector": [1, 1, 1]
						},
						"3.25": {
							"vector": [1, 1, 1]
						},
						"4.9583": {
							"vector": [1, 1, 1]
						},
						"5.2083": {
							"vector": [1, 1, 1]
						},
						"7.75": {
							"vector": [1, 1, 1]
						}
					}
				},
				"leftLeg": {
					"rotation": {
						"0.0": {
							"vector": [0, 0, 0]
						},
						"1.0417": {
							"vector": [0, 0, 0]
						},
						"1.75": {
							"vector": [51.34456, 1.35638, 0]
						},
						"3.25": {
							"vector": [85, 7.5, 0]
						},
						"4.9583": {
							"vector": [85, 7.5, 0]
						},
						"5.2083": {
							"vector": [85, 7.5, 0]
						},
						"5.7917": {
							"vector": [1.34615, 5.19231, 0]
						},
						"7.75": {
							"vector": [0, 0, 0]
						}
					},
					"position": {
						"0.0": {
							"vector": [1, 13, 15]
						},
						"1.0417": {
							"vector": [1, 13, 15]
						},
						"1.75": {
							"vector": [0.82, 7.14, 7.92]
						},
						"3.25": {
							"vector": [0, -9, -2]
						},
						"4.9583": {
							"vector": [0, -9, -2]
						},
						"5.2083": {
							"vector": [0, -9, -2]
						},
						"5.7917": {
							"vector": [0, -2.23, -3.38]
						},
						"7.75": {
							"vector": [0, 0, 0]
						}
					},
					"scale": {
						"0.0": {
							"vector": [1, 1, 1]
						},
						"1.0417": {
							"vector": [1, 1, 1]
						},
						"7.75": {
							"vector": [1, 1, 1]
						}
					}
				},
				"body": {
					"position": {
						"0.0": {
							"vector": [0, -13, -6]
						},
						"1.125": {
							"vector": [0, -13, -6]
						},
						"3.25": {
							"vector": [0, 0, 0]
						},
						"4.875": {
							"vector": [0, 0, 0]
						}
					}
				}
			}
		}
	},
	"azurelib_format_version": 2
}